variant,time_s,head_y_m,xz_displacement_m,step_xz_shift_m
before,0.0,9.044763548770163,0.0,0.0
before,0.016666666666666666,9.14031910432572,0.0,0
before,0.03333333333333333,9.23143021543683,0.0,0
before,0.05,9.318096882103497,0.0,0
before,0.06666666666666667,9.40031910432572,1.8195544892249131,1.8195544892249131
before,0.08333333333333333,9.478096882103497,1.8195544892249131,0
before,0.1,9.55143021543683,1.8195544892249131,0
before,0.11666666666666667,9.620319104325718,1.8195544892249131,0
before,0.13333333333333333,9.684763548770164,1.8195544892249131,0
before,0.15,9.744763548770164,1.8195544892249131,0
before,0.16666666666666666,9.80031910432572,1.8195544892249131,0
before,0.18333333333333332,9.851430215436832,1.8195544892249131,0
before,0.2,9.898096882103498,1.8195544892249131,0
before,0.21666666666666667,9.94031910432572,1.8195544892249131,0
before,0.23333333333333334,9.978096882103499,1.8195544892249131,0
before,0.25,10.011430215436832,1.8195544892249131,0
before,0.26666666666666666,10.04031910432572,1.8195544892249131,0
before,0.2833333333333333,10.064763548770165,1.8195544892249131,0
before,0.3,10.084763548770164,1.8195544892249131,0
before,0.31666666666666665,10.10031910432572,1.8195544892249131,0
before,0.3333333333333333,10.111430215436831,1.8195544892249131,0
before,0.35,10.118096882103497,1.8195544892249131,0
before,0.36666666666666664,10.12031910432572,1.8195544892249131,0
before,0.38333333333333336,10.118096882103497,1.8195544892249131,0
before,0.4,10.111430215436831,1.8195544892249131,0
after,0.0,9.044763548770163,0.0,0.0
after,0.016666666666666666,9.14031910432572,0.0,0
after,0.03333333333333333,9.23143021543683,0.0,0
after,0.05,9.3032112912323,0.0,0
after,0.06666666666666667,9.298766846787856,0.0,0
after,0.08333333333333333,9.289877957898968,0.0,0
after,0.1,9.276544624565634,0.0,0
after,0.11666666666666667,9.258766846787855,0.0,0
after,0.13333333333333333,9.236544624565633,0.0,0
after,0.15,9.209877957898968,0.0,0
after,0.16666666666666666,9.178766846787855,0.0,0
after,0.18333333333333332,9.1432112912323,0.0,0
after,0.2,9.1032112912323,0.0,0
after,0.21666666666666667,9.058766846787856,0.0,0
after,0.23333333333333334,9.044763548770163,0.0,0
after,0.25,9.044763548770163,0.0,0
after,0.26666666666666666,9.044763548770163,0.0,0
after,0.2833333333333333,9.044763548770163,0.0,0
after,0.3,9.044763548770163,0.0,0
after,0.31666666666666665,9.044763548770163,0.0,0
after,0.3333333333333333,9.044763548770163,0.0,0
after,0.35,9.044763548770163,0.0,0
after,0.36666666666666664,9.044763548770163,0.0,0
after,0.38333333333333336,9.044763548770163,0.0,0
after,0.4,9.044763548770163,0.0,0
